{"threshold":0.05424992285837285,"matrix":[[-7.668149529396828,-3.957493979524716,-2.766862792136354,-2.1918733427970336,-7.418494852534287,-5.459383191620438,-5.084997166478215,-7.941016516063469,-5.0462969252312,-5.530720730066643,-7.761968284614483,-2.5366623919724636,-3.6902828847191294,-2.5214363365330086,-8.209280502658148,-3.760914085477055,-7.209403054675727,-1.931577231917636,-2.2460307895269134,-3.410950273156646,-5.496115200889167,-6.175748662282389,-9.100253426548013,-7.318965257187253,-5.087254503779865,-5.927421540181219,-1.2896219901135824],[-2.1475843787872946,-6.499263857071885,-6.639025799447043,-7.069808715539497,-2.6463448910014424,-7.236862800202664,-7.069808715539497,-6.543715619642718,-2.228654691764019,-3.6737527333777606,-7.1498514232130335,-1.657476086245884,-7.1498514232130335,-6.926707871898824,-3.308608599845935,-7.1498514232130335,-7.332172980006988,-1.2343234421949922,-3.6113104800400015,-5.997171913274649,-2.3919601502072787,-6.926707871898824,-7.332172980006988,-7.332172980006988,-6.995700743385775,-7.332172980006988,-3.6660505130156684],[-2.2210828518407553,-8.770213235015081,-3.9238809922101012,-8.865523414819405,-2.6627854889677014,-8.68320185802545,-8.865523414819405,-3.32386778967164,-1.2203170297207988,-8.770213235015081,-8.032614291884302,-4.1514988239192325,-8.68320185802545,-6.78608187313957,-1.336385521506634,-8.603159150351914,-8.603159150351914,-4.5400671316339185,-8.68320185802545,-3.100959467903346,-2.063906731898936,-8.865523414819405,-8.865523414819405,-8.865523414819405,-8.277736749917286,-7.990054677465506,-5.161755348211718],[-2.0101663258471687,-8.789881600402062,-8.789881600402062,-7.855572363025229,-0.6996186164404431,-8.41518815096065,-8.789881600402062,-5.304454484712154,-2.2523998012682562,-7.403587239282172,-8.548719543585173,-8.479726672098222,-5.899509842505897,-8.243337894033992,-1.7247341476684959,-8.192044599646442,-7.403587239282172,-4.000119709085477,-7.632428811711019,-7.632428811711019,-4.503165145532505,-7.632428811711019,-8.354563529144217,-8.885191780206387,-8.009723042852487,-7.968901048332232,-3.1450773763027957],[-4.125575252340568,-5.289938918571458,-2.9179726799640537,-4.008465844193659,-5.279075806314088,-4.680278882278613,-4.1090459503893575,-8.366523288754545,-5.574389970441793,-4.148564770565267,-7.860974722089398,-2.218167459799846,-3.5755289154212964,-1.9076077096121045,-4.55694108888089,-4.670433052823246,-6.548788333123229,-2.3591335910968034,-1.8523955642631293,-4.121794529500662,-3.760038178185144,-4.784467408350195,-8.47774892386477,-4.480088033274805,-5.838691594249511,-6.126373666701292,-1.4558249763259037],[-2.99970165784149,-6.783891291759751,-6.688581111955426,-6.3138876625140155,-1.7732559976634954,-6.3138876625140155,-6.601569734965796,-6.3784261836515865,-0.9963806015728376,-6.783891291759751,-6.783891291759751,-4.367977513458702,-6.688581111955426,-6.601569734965796,-1.5103790441306855,-6.783891291759751,-6.783891291759751,-2.9574261746932518,-6.688581111955426,-5.2152753738459054,-2.4852462660249204,-6.783891291759751,-6.783891291759751,-6.783891291759751,-6.601569734965796,-6.783891291759751,-4.290685839157056],[-1.532597971231515,-6.975881108029737,-6.388094443127619,-6.187423747665467,-2.2102942006357416,-6.880570928225413,-6.975881108029737,-6.282733927469792,-1.739971201610318,-6.880570928225413,-6.880570928225413,-2.7490473627615577,-6.7935595512357825,-3.6224743902039305,-2.462826210949452,-6.975881108029737,-6.975881108029737,-2.3747189434391847,-6.23394376330036,-5.91117037103731,-1.6345042520212538,-6.880570928225413,-6.975881108029737,-6.975881108029737,-6.388094443127619,-6.975881108029737,-4.499342707912254],[-1.2065642539970702,-6.036875993962044,-6.123887370951674,-5.386288427820895,-1.812478303491746,-6.219197550755999,-6.219197550755999,-6.123887370951674,-2.912310848565085,-6.036875993962044,-6.219197550755999,-5.120585262087889,-5.813732442647835,-5.477260206026622,-1.1193311229318006,-6.219197550755999,-6.219197550755999,-5.087795439264898,-4.966434582260631,-4.629962345639418,-2.8080498382406756,-6.219197550755999,-6.036875993962044,-6.219197550755999,-6.036875993962044,-6.219197550755999,-3.654248193294462],[-2.5746418969467837,-3.963574947792715,-1.886716003372084,-2.6124932381668664,-2.694198998740291,-4.50091920864664,-3.968620367173915,-8.78536746810475,-3.6389637021792858,-6.159793488826779,-7.338448485168425,-4.543141839068987,-3.5875612831531027,-2.4564267242265285,-1.6082054733387656,-4.736848718088067,-6.690421739888949,-3.6939205312720813,-2.771805135474793,-2.7227457266804405,-6.667607062122778,-3.4011591436688806,-9.255371097350485,-8.061448628878052,-8.613517211178092,-4.615799484645063,-3.8824101878066837],[-2.6883165369452597,-6.392084603552947,-6.392084603552947,-6.392084603552947,-1.601265070678226,-6.392084603552947,-6.296774423748622,-6.392084603552947,-5.603627243188677,-6.392084603552947,-5.750230717380552,-5.111150758090883,-6.392084603552947,-5.650147258823569,-0.988956872652565,-6.392084603552947,-6.392084603552947,-6.392084603552947,-5.861456352490777,-6.392084603552947,-1.2148055653819663,-6.392084603552947,-6.392084603552947,-6.392084603552947,-6.392084603552947,-6.392084603552947,-4.287950449282739],[-2.2781936398698863,-4.394449154672439,-4.394449154672439,-4.394449154672439,-2.327586395199463,-4.212127597878484,-4.394449154672439,-4.2991389748681135,-2.8683928511773895,-4.2991389748681135,-3.8638209036102684,-2.959364629383116,-4.057976918051226,-3.8066624897703196,-2.3532288258128005,-4.2991389748681135,-4.394449154672439,-3.561540031737335,-2.8052139495558577,-2.636591237120065,-3.0861163350222602,-4.394449154672439,-4.394449154672439,-4.394449154672439,-3.561540031737335,-4.394449154672439,-2.0056863654373407],[-1.1894185829677306,-8.65004165859256,-5.830495953265007,-6.505460814741762,-2.4408327248481383,-8.32461925815793,-5.798890613849676,-8.442402293814315,-2.5580358822627,-8.38177767199788,-8.219258742500106,-4.461553097456316,-5.763952562488395,-7.5261115619401595,-1.6400769773458257,-8.036937185706151,-5.386045398443889,-8.730084366266096,-6.4787925676596005,-4.298275995700487,-4.24991067045269,-6.027605210213341,-8.730084366266096,-8.912405923060051,-8.506940814951886,-8.170468578330674,-1.288715101887537],[-1.8874370934605451,-2.1119597651147046,-8.004432363015736,-7.822110806221781,-1.6195752890338593,-8.004432363015736,-7.822110806221781,-6.669431296283396,-1.2723408531634872,-8.004432363015736,-7.909122183211411,-7.822110806221781,-6.545817340316219,-6.974812945834578,-2.471833700743034,-2.4849734478241627,-8.004432363015736,-8.004432363015736,-5.189023643593027,-7.5989672549075715,-2.774929312468059,-8.004432363015736,-7.822110806221781,-8.004432363015736,-7.667960126394523,-8.004432363015736,-5.416668327788028],[-2.2448725369268745,-8.251868026065733,-2.8143559857594322,-3.0730198986250925,-2.4720642968767734,-4.316638134734606,-4.6829478870307755,-8.020066412008408,-2.520780588690886,-6.512164918793731,-8.209308411646937,-6.591571696398142,-6.2874958141706845,-7.030653415305291,-2.985579902089973,-8.989466969196512,-8.1292657039734,-8.442923262828442,-2.6840214889511618,-1.843124373769956,-4.533007739739861,-5.031254581298992,-8.822412884533346,-9.084777149000837,-8.168486417126681,-6.0546434487295135,-1.2172502815330088],[-7.707720246197887,-3.881093760726971,-3.9197498894397196,-3.8726582819058692,-7.537821209402489,-5.835918069296295,-5.132848766230034,-6.307632562945661,-7.3146776580882795,-8.085786380117938,-7.56956990771707,-3.8434879046060897,-2.930933748774904,-1.3973306985648632,-5.478104173070433,-3.0474307609887163,-8.007824838648226,-2.5312566896767152,-1.728834481296765,-4.110915471030127,-7.3146776580882795,-5.66361807096336,-8.43860775474068,-7.68937110752969,-6.276169293489875,-7.653653024927611,-1.3056802144379958],[-1.580487380116113,-8.07625633399982,-4.697531808189724,-8.16326771098945,-1.6954278316630398,-7.996213626326283,-8.258577890793775,-6.754500494017501,