{"threshold":0.06822378147371419,"matrix":[[-7.676493515057261,-4.408011532502298,-2.7573471396635525,-2.328230189942507,-7.648322638090565,-5.555087774278393,-4.698779747005948,-8.746934926758675,-3.663462308710152,-6.726491725840794,-7.83064419488452,-2.944061549458242,-3.365119291409946,-2.915296858617276,-2.165718055330901,-4.058649834060076,-6.7602027831831055,-2.250788590645191,-2.2381036953413207,-3.268729517567385,-5.031332402503985,-5.0162339777914,-9.152400034866838,-6.997735071949415,-8.491001552621473,-5.780803122980974,-1.412306448007432],[-2.200271207966972,-6.289938180637962,-6.564375026339722,-6.869756675890904,-1.7123447624201047,-7.206228912512117,-6.9438646480446256,-6.417771552147847,-2.697569626904869,-3.535004393636901,-7.023907355718162,-2.708643937203963,-4.854853655348639,-6.675600661449947,-3.8493317897465413,-7.023907355718162,-7.206228912512117,-1.2372656307506482,-3.0489095511286277,-5.334426735610525,-2.236415612936116,-6.675600661449947,-7.206228912512117,-7.206228912512117,-6.869756675890904,-7.206228912512117,-2.9692280498884926],[-1.2967422749476833,-8.610931889155294,-3.8542118050400016,-8.610931889155294,-2.4854531114623457,-8.175613817897448,-8.610931889155294,-4.600298370894166,-1.9828905129757606,-8.610931889155294,-7.750730623932182,-4.038097083810139,-8.523920512165663,-6.652118335264072,-1.0012949591309352,-8.236238439713883,-8.523920512165663,-4.3874215101895295,-8.443877804492127,-3.150572979767635,-3.7413017341254924,-8.706242068959618,-8.706242068959618,-8.706242068959618,-8.064388182787225,-7.712990295949335,-5.203692193037176],[-1.3852517458685991,-8.698083168433117,-8.880404725227072,-7.850785308045913,-1.1286283772508618,-8.410401095981337,-8.785094545422748,-6.446791369826622,-2.4367505298380565,-7.194005771656843,-8.54393248860586,-8.54393248860586,-5.941242803161475,-8.187257544667126,-1.1867863571852482,-8.187257544667126,-7.815693988234644,-5.362906887868756,-7.627641756731704,-7.627641756731704,-4.381706783749498,-6.323177413859446,-8.349776474164901,-8.880404725227072,-8.410401095981337,-7.964113993352917,-5.234954829040472],[-4.899109385910408,-6.49011359665567,-2.8972523354852964,-4.083538790137577,-5.94694013902416,-4.22663963377825,-3.7198105896967446,-8.323837264982757,-3.0678310965064433,-5.1698809862138715,-7.752050941427079,-2.887871990298358,-2.6780875358629204,-2.337816077540841,-6.653438652758969,-4.3061680704196235,-5.841314406550032,-2.3569581933473893,-1.7826011439741294,-4.456811625485346,-3.1808379260139854,-4.36656778179766,-8.35282480185601,-4.195321346215741,-8.88345305291818,-6.499287972931711,-1.425584131589524],[-2.7302896456469683,-6.79760553548115,-6.79760553548115,-6.327601906235414,-1.4745955563427413,-6.155751649308755,-6.615283978687195,-6.392140427372985,-1.09249061559117,-6.79760553548115,-6.79760553548115,-4.4088427462460515,-6.702295355676824,-6.615283978687195,-1.669483545929227,-6.79760553548115,-6.79760553548115,-3.26537989141259,-6.702295355676824,-5.092857443242725,-2.430692538617316,-6.615283978687195,-6.79760553548115,-6.79760553548115,-6.615283978687195,-6.79760553548115,-4.248160364555578],[-2.0717858232127044,-7.378071359409918,-6.790284694507799,-6.589613999045648,-2.39583553983536,-7.195749802615963,-7.378071359409918,-6.684924178849973,-2.1336823348874367,-7.282761179605592,-7.282761179605592,-5.506269182508326,-7.115707094942427,-3.8429260052380236,-0.9721819628222995,-7.378071359409918,-7.378071359409918,-2.422244301808657,-6.6361340146805405,-6.34845194222876,-1.905800685738443,-7.378071359409918,-7.378071359409918,-7.378071359409918,-6.790284694507799,-7.378071359409918,-4.893164709621917],[-1.4963123187057186,-6.301152699822378,-6.205842520018053,-5.468243576887273,-1.802454758344803,-6.301152699822378,-6.301152699822378,-6.205842520018053,-3.2192427300273345,-6.118831143028423,-6.301152699822378,-5.307900926812094,-6.038788435354887,-5.559215355093,-0.8402914040890608,-6.301152699822378,-6.301152699822378,-5.138001890016697,-5.04838973132701,-4.7535901911063645,-2.9477459819965706,-6.301152699822378,-6.118831143028423,-6.301152699822378,-6.118831143028423,-6.301152699822378,-3.743925388454751],[-2.1799113781731556,-3.7260028546383843,-2.173608737489447,-2.4508429537095724,-4.84293967839979,-4.536490299096317,-2.6669892661111296,-8.67564887710821,-3.5108629031846963,-7.496993880766564,-7.2287298941718845,-4.335095490640904,-3.446882573521289,-2.2919311158642945,-2.8566793259764474,-4.762376652279632,-6.12036143055841,-3.139299346752213,-2.2898223002367284,-2.369487647759406,-7.759358145234056,-3.1159292471288733,-9.145652506353946,-5.724652497395611,-8.557865841451827,-4.245576402824754,-3.5580293862380308],[-1.659754439842436,-5.932245187448011,-5.932245187448011,-5.932245187448011,-1.6583607113938323,-5.932245187448011,-5.836935007643686,-5.932245187448011,-5.290391301275616,-5.932245187448011,-5.290391301275616,-4.708469755825895,-5.932245187448011,-5.143787827083741,-2.7214015342770743,-5.932245187448011,-5.932245187448011,-5.932245187448011,-5.401616936385841,-5.836935007643686,-0.782427829218418,-5.932245187448011,-5.932245187448011,-5.836935007643686,-5.932245187448011,-5.932245187448011,-3.865382427975035],[-2.29887451359751,-4.390738575275903,-4.390738575275903,-4.390738575275903,-2.29887451359751,-4.208417018481948,-4.390738575275903,-4.295428395471578,-2.9556540499865807,-4.295428395471578,-3.860110324213733,-3.2593364637848024,-4.128374310808412,-3.860110324213733,-2.311297033596067,-4.208417018481948,-4.390738575275903,-3.557829452340799,-2.84317606655989,-2.6328806577235295,-3.055737508543563,-4.390738575275903,-4.390738575275903,-4.390738575275903,-3.557829452340799,-4.390738575275903,-1.9058319254879028],[-1.6499911074285694,-7.714849085752404,-5.419986038852269,-5.4046011200127895,-2.196469834427566,-7.3353594640475,-4.846076439659702,-2.405059318042131,-1.5523443263145078,-7.389426685317776,-7.235276005490518,-5.7154502517461045,-4.355542645799409,-6.912502613227467,-2.243548501081825,-7.28406616965995,-4.186228673168806,-7.881903170415571,-5.65482562992967,-3.2184640763035035,-3.595186715546014,-4.270985257771346,-7.977213350219896,-7.977213350219896,-7.50720972097416,-7.977213350219896,-1.9002594170964993],[-2.02032506538911,-2.4852329017829136,-8.290367870699402,-8.108046313905447,-1.3709805074875574,-8.195057690895077,-8.195057690895077,-6.955366803967062,-2.225885230854848,-8.290367870699402,-8.195057690895077,-7.8203642414536665,-6.904073509579511,-7.548430525970025,-2.7319965988170587,-2.9480336187345912,-8.290367870699402,-8.290367870699402,-5.748765877234857,-7.8203642414536665,-3.037571019453175,-8.290367870699402,-8.108046313905447,-8.290367870699402,-7.953895634078189,-8.290367870699402,-1.399351915721563],[-1.8688539154978758,-7.935278344508674,-2.416183860808015,-2.691609176046073,-3.092165564330668,-4.374748924277263,-4.434647065858332,-4.102692169728563,-2.23986411952299,-6.50453222081795,-7.935278344508674,-6.40134798458272,-8.030588524313,-6.777825555817631,-2.1267264379411404,-8.62842552506862,-6.537684428134851,-7.935278344508674,-2.261798888348188,-1.504240088345956,-4.197608726225306,-4.334237055360362,-8.461371440405454,-8.723735704872945,-7.890826581937841,-7.242131163948729,-4.319458461264243],[-5.624925069152818,-4.387513596925326,-4.109952622971477,-4.0391038895228455,-3.3758596165494055,-5.961397305774031,-5.112089394458803,-8.466219265262973,-5.66390436275799,-6.6131592701711215,-7.722641231076135,-4.039516005745451,-2.7841654093653894,-2.5601060318062805,-5.595190470209938,-3.1953439772803063,-8.049325461331186,-2.7503265089337474,-1.7788097309706976,-4.519628263615984,-3.9606789202237223,-4.751806509143871,-8.575418557227964,-7.773072084703027,-8.74247264189113,-7.643860353223021,-0.8499357036825878],[-1.7310110556542695,-8.135187119391183,-4.819349586680184,-8.135187119391183,-1.4289918200560812,-7.968133034728017,-8.230497299195507,-6.7264199024192335,-3.926432205991338,-7.968133034728017,