{"threshold":0.06457156346973186,"matrix":[[-7.5217478377956315,-4.606364691405854,-4.406273664099924,-3.7213138552943734,-5.584276557386183,-4.185873598731465,-3.4877675146258333,-8.563201712623792,-4.2796151507631635,-7.464589423955683,-7.630381678798427,-1.9788132559177256,-3.4722673334650818,-2.5983378473129894,-7.980055427278176,-4.057391562715309,-9.256348893183738,-2.0945329602526694,-3.928068275450322,-2.054494673953742,-5.203115719204068,-4.779012078705532,-8.850883785075574,-7.663718099066019,-8.185907481482324,-3.0507815394136952,-1.2243677279659202],[-2.2684229323606284,-2.2862124739241265,-6.355239228161937,-7.048386408721883,-2.255078280618397,-7.048386408721883,-6.7860221442543915,-6.259929048357613,-1.625641463798794,-7.048386408721883,-6.953076228917558,-2.3718262266471184,-6.7860221442543915,-6.642921300613718,-3.6405444843410586,-7.048386408721883,-7.048386408721883,-1.3476084430859803,-6.132095676847728,-6.866064851927928,-2.8259418438724664,-7.048386408721883,-7.048386408721883,-7.048386408721883,-6.71191417210067,-7.048386408721883,-3.377161889846667],[-1.9814552134740835,-8.457308068830107,-3.595383731265291,-8.457308068830107,-2.4848873460729997,-7.358695780161997,-8.457308068830107,-2.202605513206037,-2.2827646759862614,-8.457308068830107,-7.719709125699327,-4.673118434911846,-8.370296691840476,-6.473176706954596,-0.7769224987191861,-8.29025398416694,-5.656706310362652,-4.652667824440555,-8.29025398416694,-7.271684403172367,-3.1320832493621458,-8.552618248634431,-8.457308068830107,-8.552618248634431,-8.082614619388696,-7.559366475624148,-5.008764566570753],[-2.2358767317704986,-8.447024304018244,-8.54233448382257,-5.566804917586098,-0.8438516959416229,-8.072330854576833,-8.447024304018244,-7.131347510112307,-1.148640712582391,-8.54233448382257,-8.205862247201356,-8.205862247201356,-8.205862247201356,-7.900480597650175,-2.522525463705445,-7.849187303262624,-8.54233448382257,-4.947765709179874,-7.379183674016889,-7.318559052200453,-3.7473707262018223,-7.477623746830141,-7.95454781892045,-8.54233448382257,-8.072330854576833,-7.626043751948414,-3.7164236311365784],[-4.168151082017219,-6.54624372751941,-3.6517953231294813,-4.222319318490368,-5.672001231888754,-5.351133610451319,-3.294388344508419,-8.280844782907517,-3.8707437265358817,-8.532159211188421,-7.737229336318534,-2.1138525384269875,-3.6179299352032617,-2.293137284677246,-4.857668494526585,-5.21537917133885,-7.068573175766884,-2.297608439254571,-2.6139376258481573,-3.426863298856637,-3.6566892970083438,-4.456439398804027,-7.689976451467989,-7.8213124535290754,-8.868631447809635,-4.77012887543887,-1.0224130706882029],[-2.433872408378232,-6.890331637834883,-6.890331637834883,-6.515638188393472,-2.269825111564053,-2.266250487561094,-6.803320260845253,-6.5801767095310435,-1.1584624648390824,-6.890331637834883,-6.985641817639208,-4.476042555260837,-6.890331637834883,-6.890331637834883,-1.3616243114518698,-6.985641817639208,-6.985641817639208,-2.972868909110919,-6.890331637834883,-5.280893725400783,-3.250355990711116,-6.985641817639208,-6.985641817639208,-6.985641817639208,-6.803320260845253,-6.985641817639208,-4.509103417521724],[-2.3629574183378526,-7.686942531634467,-7.099155866732348,-6.898485171270197,-2.440971645458639,-7.504620974840512,-2.733230384937832,-4.48419608869615,-1.6761656734941122,-7.5916323518301425,-7.5916323518301425,-1.4406419864797855,-7.424578267166976,-2.7676917993400636,-2.7220021968003407,-7.686942531634467,-7.686942531634467,-2.204222442088651,-6.94500518690509,-6.657323114453309,-2.801114888131559,-7.5916323518301425,-7.686942531634467,-7.686942531634467,-7.099155866732348,-7.686942531634467,-4.747780609568871],[-2.3527505840203435,-6.589751446643967,-6.494441266839642,-5.756842323708863,-0.4245436985169024,-6.589751446643967,-6.589751446643967,-6.589751446643967,-1.7808244231418562,-6.407429889850013,-6.589751446643967,-5.560132029462809,-6.253279210022754,-5.84781410191459,-4.687643920247047,-6.589751446643967,-6.589751446643967,-5.4583493351528665,-5.3369884781486,-4.903352493073738,-4.497887384965574,-6.589751446643967,-6.494441266839642,-6.589751446643967,-6.494441266839642,-6.589751446643967,-4.287166353649922],[-3.0935572173940176,-4.500954354581644,-2.479438178147662,-4.564545457363176,-3.978935683177115,-4.61040431594919,-3.88538451877797,-9.159665307497765,-4.0158111696152865,-8.376905968248133,-7.72756141034658,-3.1914374021702487,-3.8461514940684465,-2.612073192081832,-1.9841277755830382,-4.919238240097917,-7.961962116185425,-4.122306943260756,-2.765970043958284,-2.465567465619436,-4.318929050196907,-3.7224015484362747,-9.629668936743501,-8.466518126937821,-9.041882271841382,-3.6720197381302495,-1.2984439430414156],[-2.545075171254453,-3.908380014149645,-4.00369019395397,-4.00369019395397,-2.086767581771909,-4.00369019395397,-3.908380014149645,-4.00369019395397,-3.361836307781575,-4.00369019395397,-3.361836307781575,-3.2152328335897,-4.00369019395397,-3.2617528492245924,-2.90507790528586,-4.00369019395397,-4.00369019395397,-4.00369019395397,-3.4730619428917993,-4.00369019395397,-2.477633890458921,-4.00369019395397,-4.00369019395397,-4.00369019395397,-4.00369019395397,-4.00369019395397,-1.7954157804311655],[-2.321161478566981,-4.400603020246817,-4.400603020246817,-4.400603020246817,-2.3337402607738413,-4.400603020246817,-4.400603020246817,-4.305292840442492,-2.8965256234705428,-4.305292840442492,-3.8699747691846467,-3.039626467111216,-4.138238755779326,-3.812816355344698,-2.3593826913871787,-4.218281463452862,-4.400603020246817,-3.567693897311713,-2.771362480516537,-2.6427451026944433,-3.092270200596638,-4.400603020246817,-4.400603020246817,-4.400603020246817,-3.6121456598825468,-4.400603020246817,-1.899167068507606],[-1.8234291971064933,-8.789453384212607,-6.160652554764536,-7.844991775371755,-2.0278806154085505,-8.655921991588084,-6.150396054597348,-8.484071734661423,-1.8544304137908316,-8.595297369771648,-8.432778440273873,-1.6529133525976536,-5.587869056454466,-8.02731333216571,-2.4038976917804695,-8.06121488384139,-9.125925620833819,-9.030615441029495,-5.822708647531868,-3.803403565588965,-4.316183269116953,-5.40264474000255,-8.943604064039864,-9.125925620833819,-8.655921991588084,-8.943604064039864,-1.5386151148112037],[-2.041234006504895,-2.2276714468993566,-7.980878804883081,-7.7185145404155895,-1.1832732694019308,-7.980878804883081,-7.798557248089126,-6.64587773815074,-1.751579157717899,-7.980878804883081,-7.798557248089126,-7.7185145404155895,-2.7171528831046627,-7.798557248089126,-2.827009342700917,-2.5931778772003584,-7.980878804883081,-7.980878804883081,-5.147665460826865,-7.575413696774916,-2.744968898463661,-7.980878804883081,-7.798557248089126,-7.980878804883081,-7.644406568261868,-7.980878804883081,-5.313650598301125],[-2.399560731693648,-8.499747783693737,-3.37473393542764,-2.9879807589793814,-1.571670980923624,-4.41426590872948,-4.635926880083468,-8.337228854195962,-1.9603318527300506,-8.848054477961952,-8.241918674391636,-6.570787192952196,-8.442589369853787,-4.433238020465079,-2.290447866417271,-8.935065854951581,-6.623430926437618,-8.56037240551017,-3.158821784320482,-1.8265985590469869,-4.4649867187796595,-5.084918253241523,-8.768011770288416,-9.030376034755907,-8.241918674391636,-3.2589349116258903,-2.5639203168911497],[-7.9964767087128,-5.25394033153942,-3.8804393218794395,-4.617453184544966,-6.577817063090877,-6.33075796038011,-4.280340538039554,-8.301858358263981,-6.2179624662347655,-8.078714806949773,-7.523189004265874,-2.468406104089643,-2.91066884643905,-1.335564665698752,-5.421456772687667,-3.013410968654718,-9.33147777544514,-2.5421682516694846,-3.13931980586054,-3.540600593938005,-7.3033295281528545,-4.320842481348884,-8.375966330417704,-8.498568652510036,-8.589540430715763,-6.0849867835439655,-1.1389626461674094],[-1.7413335949831266,-8.012322026841426,-7.501496403075436,-8.099333403831055,-1.4393404278449204,-7.93227931916789,-8.099333403831055,-6.736028560935864,-3.283460368510785,-8.012322026841426,