{"threshold":0.07671414797340209,"matrix":[[-1.9739122955310724,-6.808695625849635,-4.220080768108888,-3.2740454710055857,-7.2977474500660655,-4.427229602832331,-3.3518434059931415,-8.381092266603387,-4.623068437328245,-6.780786837732559,-3.7855133850170826,-2.5033564848237475,-3.809196869500167,-1.1209850106176213,-7.734465101678334,-3.83345489608559,-8.987228070173702,-2.1230764286736967,-3.4407493893361676,-2.441758685205796,-5.2655587932367744,-5.72913153215222,-8.527695740795261,-7.102686867494681,-8.038147515476556,-8.176297853957374,-3.6880777173217734],[-2.628417154799461,-3.8115672889857883,-7.460058682194437,-7.642380238988391,-0.6140901583775168,-7.642380238988391,-7.460058682194437,-6.900442894259014,-1.8570177773397674,-7.054593574086272,-7.642380238988391,-2.830195883615974,-7.460058682194437,-6.900442894259014,-3.588857671286546,-7.642380238988391,-7.642380238988391,-3.178773617322087,-5.445155661652172,-4.651660507257945,-3.443675661442048,-7.054593574086272,-7.642380238988391,-7.642380238988391,-7.236915130880227,-7.547070059184066,-3.7184286626949716],[-3.6685211168840337,-6.753048889221156,-6.539474788923097,-7.399676054146208,-2.445130226700996,-7.4949862339505335,-7.4949862339505335,-0.6935919709598058,-2.802721341111508,-7.312664677156579,-6.662077111015429,-5.043981135838214,-7.312664677156579,-7.15851399732932,-1.6802588653426052,-7.4949862339505335,-4.863097393813887,-4.177170461227429,-7.089521125842369,-2.803638351721389,-4.685583538588036,-7.4949862339505335,-7.4949862339505335,-7.4949862339505335,-5.035397392146822,-6.501734460940249,-3.7765479775950523],[-3.3360633499861723,-6.338325978419713,-9.012474627846242,-5.543618597710271,-0.5667774381350741,-8.481846376784071,-6.0167423542922505,-5.0327929739442805,-2.4585412238204305,-9.012474627846242,-6.439862397639136,-8.75011036337875,-7.024600279691896,-8.137005890492341,-3.246343528125505,-5.286781200609589,-9.012474627846242,-3.507956430714307,-3.1800058122287176,-3.7348703028957466,-4.490686050797201,-5.158080735254732,-4.325724454865727,-9.012474627846242,-8.270537283116864,-6.185161005917214,-2.1091290573528045],[-5.764753027550587,-4.999255100722616,-4.233591380418636,-3.67982848551931,-2.927514616355193,-4.599421544102818,-3.7848674060626104,-5.593924603881544,-3.839758673645247,-8.543831065230119,-4.2750081236750885,-2.5195262933435387,-3.7444313380924594,-1.4624201424695003,-7.29106809673475,-4.24739636089164,-9.27953786020886,-2.1652280437913722,-3.2564061398485054,-2.6871486926483117,-3.967403348107681,-4.248247787081858,-6.053729598565014,-7.473389653528705,-9.419299802584018,-4.881338366289377,-1.566627462939403],[-4.251944003448718,-4.6379910256997805,-6.337942945674713,-2.492284689327249,-1.706284584218042,-2.0569004520588585,-4.718033733373317,-4.618942830729086,-2.299519173372211,-6.643324595225895,-5.915086094854679,-4.697414446170582,-6.884486652042782,-6.509793202601372,-3.4742394348607095,-5.986545058836824,-6.884486652042782,-4.194785589608769,-4.4865913792444125,-2.430139355789275,-4.1348874480277,-5.95017741466595,-4.340739502231849,-6.979796831847108,-6.23785948711773,-5.331138206259726,-1.3500197705014023],[-3.5541900100651334,-6.087092858121389,-7.69653077055549,-3.337261123004224,-0.7546639619445844,-7.9842128430072705,-5.27616264190506,-4.060261266713851,-2.9399278808071885,-8.29436777131111,-7.165902519493319,-5.510479493817395,-7.919674321869699,-6.348457622255796,-4.62383745586537,-8.29436777131111,-8.389677951115434,-2.868217033253188,-3.727182698508074,-4.159928751887131,-5.9917826783170645,-6.581389179936169,-7.473387219241279,-8.389677951115434,-7.859049700053264,-8.29436777131111,-1.3162387564923663],[-2.0121691633644345,-7.8068443617182375,-7.902154541522562,-7.0692454185874585,-0.6920749133517746,-7.902154541522562,-7.902154541522562,-7.902154541522562,-3.6394746644812472,-7.719832984728608,-7.902154541522562,-6.803542252854453,-7.4321509122768274,-5.798020387252356,-2.4265281600041155,-7.902154541522562,-7.902154541522562,-3.9861395148248793,-6.649391573027195,-1.7851592719673715,-3.483313933725965,-7.902154541522562,-7.902154541522562,-7.902154541522562,-7.371526290460392,-7.8068443617182375,-3.833127787284752],[-4.703767397550136,-7.662143884560359,-3.734247529975922,-2.578120454049549,-1.8395583185498423,-4.985699022873479,-3.0481240832952845,-8.578434616434514,-3.548723175277444,-2.2203035412601464,-2.8209358592728244,-4.530521890313718,-5.391164130981644,-1.3091661168733948,-4.348362001938191,-6.180539343636143,-7.942445849714517,-5.260216348234049,-2.9170185381499416,-2.355307353804051,-7.662143884560359,-5.1161769780111115,-9.070911101532309,-7.972298812864198,-8.635593030274462,-7.913458312841264,-4.014086424966678],[-3.364073352502552,-5.903047223560828,-7.096969692033262,-2.9746857611219206,-2.8258746180666625,-3.9746047675459053,-4.457912362418004,-4.111287754332773,-6.455115805860868,-7.096969692033262,-1.3119144972483252,-4.13169662596398,-7.001659512228938,-1.8509988058574351,-5.1654482804300486,-6.403822511473317,-7.096969692033262,-7.096969692033262,-3.910617058870622,-6.1414582470058265,-2.942785129455145,-4.281560972610553,-5.374203094292159,-7.001659512228938,-7.096969692033262,-2.68296001150633,-1.6790930904275867],[-2.7440814564043845,-6.022993494716644,-7.616927220614779,-7.237437598909876,-0.8687991286490213,-7.696969928288316,-5.4813962122839,-4.561475712359166,-2.719661638308127,-7.291504820180152,-2.919247977102075,-3.6731074411046345,-6.886039712071987,-5.490528695847172,-2.4961735168417687,-7.783981305277946,-7.879291485082271,-3.4725722378180173,-3.987471186971644,-3.046189231048172,-4.165719418377963,-6.9630007532081155,-4.074853690334062,-7.879291485082271,-7.0908341247180005,-5.586756727941727,-2.058022314970403],[-2.5611818610784107,-7.487630068946799,-7.647972719021978,-2.949866711290024,-1.5839853063098208,-5.262006017088881,-3.7118935707395955,-7.257106410334966,-1.295570586822173,-6.871443929522981,-4.164727951433908,-2.779101369971554,-6.056079116238787,-5.4363594042336585,-4.006959942578945,-6.465978821414817,-8.480881841957082,-8.010878212711347,-3.3172393787356467,-4.030029016353348,-3.427187058400379,-5.82062230469122,-8.075416733848918,-8.480881841957082,-7.525370396929645,-6.0212930001533715,-1.8227424346202694],[-2.228039110782143,-3.9566655404813615,-7.815287769182392,-4.144063250307177,-0.9151615173647466,-7.632966212388438,-7.026830408818122,-5.176230439567134,-1.7743190271713216,-7.815287769182392,-6.38020324389307,-7.122140588622448,-2.415316748907856,-7.284659518120222,-3.2221901644285706,-5.390485043464097,-7.815287769182392,-5.8693776201270795,-2.98457690728037,-4.042526831087754,-4.297789931824076,-5.313851817443181,-7.409822661074228,-7.719977589378067,-7.478815532561179,-6.785668352001235,-2.9990466131143605],[-3.342066052698162,-5.704870005685263,-5.365119077602351,-2.3492151937773604,-3.176478243957523,-6.027643397948314,-2.097686924646691,-5.573640110049019,-3.006521890389503,-7.258427459724906,-3.9944951402393225,-4.55911093859145,-6.668228248417403,-4.390652083096311,-4.130999716953314,-5.82957348418622,-9.007627314534165,-6.089856582449886,-3.2501066200911626,-3.247740221826552,-6.20426693362763,-5.142958005489489,-5.052784311923091,-9.4776309437799,-8.735693599050524,-5.118361296228636,-0.7375502338230471],[-6.3666014892936404,-6.195643691150001,-3.6883700112151048,-4.220571093405697,-2.2745193714755096,-3.1662003602536983,-4.220571093405697,-7.111934423024156,-6.358162620647776,-6.93259349436834,-4.574842020065586,-3.2759443181593166,-2.6548914278857634,-2.0877015206625167,-2.0468560384556804,-2.1673626217677895,-8.83470102076526,-1.6646584033512863,-5.166024273968843,-3.0837169446247645,-4.010395304860498,-3.3486600481342736,-6.341495568162564,-8.04624366040099,-7.805081603584101,-6.694634857268989,-4.661853397055215],[-1.5176736585346713,-5.5626028611934215,-7.354362330421477,-5.788727040645769,-1.3874832587861092,-7.428470302575199,-4.651085408071924,