{"threshold":0.08864344498992704,"matrix":[[-2.177217022146926,-8.315903539007651,-7.7531181763109505,-5.349485653122436,-5.104164229708771,-8.293924632288876,-5.825456708844036,-4.572430686289542,-2.608793274258776,-4.622036543382676,-3.7275404713359417,-2.6080552668452057,-3.246859584149362,-1.928874586246553,-6.344913705555315,-4.82818872948915,-9.557616671316435,-2.640749188696941,-2.673996468069538,-2.886752860828758,-4.520164693112154,-3.5343553501264537,-9.289352684721756,-8.062123018231553,-4.380598128957287,-8.90369020390977,-1.4387449340029823],[-3.2917882774783287,-4.121067632362855,-4.814214812922799,-4.996536369716754,-2.1229717301369706,-4.996536369716754,-4.734172105249263,-4.208079009352484,-3.387098457282654,-4.591071261608589,-4.591071261608589,-3.0224553436947446,-4.814214812922799,-4.526532740471018,-3.1094667206843742,-4.996536369716754,-4.996536369716754,-1.900958761193047,-4.35468248354436,-4.814214812922799,-2.3938466842723702,-4.996536369716754,-4.996536369716754,-4.996536369716754,-4.660064133095541,-4.996536369716754,-1.1920985749685455],[-2.879056219903589,-4.85060879957224,-4.475915350130829,-4.85060879957224,-2.4282225067655734,-4.85060879957224,-4.9459189793765646,-1.3541012381057596,-3.1053693459790774,-4.85060879957224,-4.113009856441461,-4.683554714909073,-4.76359742258261,-4.415290728314394,-2.663536593700038,-4.85060879957224,-4.609446742755352,-4.203981634647187,-4.609446742755352,-3.722143547754449,-3.916299562195406,-4.9459189793765646,-4.9459189793765646,-4.85060879957224,-4.358132314474446,-3.9904075343491283,-1.399179292423751],[-1.5707352732429525,-7.212964664892962,-7.308274844697287,-6.315023071687004,-0.702841614906446,-6.8382712154515515,-7.212964664892962,-5.921980483577396,-2.6005480703841037,-6.56633749996791,-7.045910580229796,-6.971802608076074,-6.971802608076074,-6.615127664137342,-2.2923203891234314,-6.615127664137342,-7.308274844697287,-5.6218758911270585,-6.176872733206187,-6.114352376224852,-3.1941276551790065,-6.2435641077048585,-6.777646593635117,-7.308274844697287,-3.428775030974701,-6.391984112823132,-3.927280170352651],[-4.63617899659229,-7.776601758722589,-7.106444096387342,-4.161393309309497,-2.845731433095196,-5.316624491977114,-6.570358805862114,-3.6237739031253966,-2.6699678166364667,-6.869443510411706,-3.543813645878588,-2.4506029026151084,-4.149235104829687,-1.2389554128324511,-6.5109353853913134,-6.498196359613884,-9.258206299646805,-2.854466552502109,-2.5480486650111382,-2.28213838048258,-2.433072049353004,-4.037850474568479,-8.005443331151437,-8.4252971767117,-5.671913434307969,-8.005443331151437,-3.1993167762240335],[-2.927709428333809,-5.146912912388804,-5.146912912388804,-4.676909283143068,-1.8888163743673216,-3.6428355156125294,-4.964591355594849,-4.741447804280639,-0.899847263149039,-5.146912912388804,-5.146912912388804,-3.3551534431607486,-5.051602732584478,-4.964591355594849,-3.1056925835291653,-5.146912912388804,-5.146912912388804,-3.322363620337758,-5.051602732584478,-3.4241463146477,-3.711828387099481,-5.146912912388804,-5.146912912388804,-5.146912912388804,-4.358455552024534,-5.146912912388804,-2.605310918924258],[-1.385896825833399,-5.527442989539794,-4.996814738477624,-4.738985629175524,-1.9922976353678996,-5.345121432745839,-5.527442989539794,-4.534191216529511,-1.03656194995383,-5.432132809735469,-5.432132809735469,-4.333520521067359,-5.345121432745839,-3.6253354631428736,-3.5673482054925243,-5.527442989539794,-5.527442989539794,-3.76958507198742,-4.785505644810416,-4.462732252547365,-4.24650914407773,-5.432132809735469,-5.527442989539794,-5.527442989539794,-4.8855891033673995,-5.527442989539794,-3.0097465169288027],[-2.3752718140827658,-7.51985508068876,-7.4245449008844355,-1.5611720231051578,-2.1646849025479407,-7.51985508068876,-7.51985508068876,-7.4245449008844355,-2.6317641393505986,-4.060388790902629,-5.427991019010367,-6.296079649066645,-4.1456863714145245,-5.871196455101378,-3.2037011901655865,-7.51985508068876,-7.51985508068876,-5.679305447291274,-6.1848540139564205,-1.1487561855071353,-3.307727482810276,-3.782185462405392,-7.4245449008844355,-7.51985508068876,-3.345467810793123,-7.51985508068876,-5.311580667165956],[-3.0809893216745157,-8.39843295431608,-6.945447218697517,-3.464455299111206,-3.476440461302236,-7.3468881765059555,-6.782122162594217,-4.584897585257997,-2.7219153632216844,-5.3738116709099515,-2.546825181665883,-3.3369297436489114,-2.8001387173946393,-2.0728388139121168,-2.7358317341085527,-5.833483596854543,-8.507632246281071,-3.967616155472766,-1.5400490428520826,-2.2233545823040894,-7.853705778874407,-4.1098647666864965,-9.463143691308508,-8.269221222836073,-7.576074042276128,-8.052156717598246,-2.521373533739093],[-0.5413822245876806,-7.716663249817698,-7.811973429622023,-7.811973429622023,-2.0195697633122935,-7.716663249817698,-7.716663249817698,-7.811973429622023,-4.327661141249361,-7.811973429622023,-7.170119543449628,-6.782354012440865,-7.811973429622023,-7.023516069257752,-1.5167074281823767,-7.811973429622023,-7.811973429622023,-7.811973429622023,-7.281345178559852,-7.811973429622023,-3.3199719417395697,-7.811973429622023,-7.6296518728280684,-7.811973429622023,-6.559210461126654,-7.811973429622023,-5.302374167243651],[-1.6216902299075036,-8.659508393187808,-8.659508393187808,-8.659508393187808,-2.1343321185271353,-8.477186836393855,-8.659508393187808,-8.477186836393855,-2.3625832522764036,-8.477186836393855,-3.3364984140494007,-2.45132086256854,-8.397144128720319,-6.618288064328171,-1.826368907586462,-8.128880142125638,-8.659508393187808,-6.1829699930703255,-1.7017256206060238,-5.752607333340434,-2.3221518295065637,-8.659508393187808,-8.659508393187808,-8.659508393187808,-4.276232539113495,-8.659508393187808,-5.629374692916485],[-1.313346021675692,-8.377799752563886,-8.183643738122928,-7.838803251831199,-2.451445318492433,-8.308806881076935,-6.391884268894874,-8.072418103012705,-1.8478596737373445,-5.374950011241031,-4.039575740548397,-1.5438448007553487,-3.7029702505456825,-7.5203495207126645,-3.222857992675149,-5.769833010018658,-8.714271989185098,-8.531950432391145,-7.104834076750999,-2.4520172372955544,-2.9031309962083984,-4.591988058273757,-8.531950432391145,-8.714271989185098,-3.8060386287069243,-8.531950432391145,-5.264284443353512],[-1.215598854237627,-5.876461733957921,-8.168996491098465,-7.986674934304511,-2.260913552929534,-8.073686311294141,-8.168996491098465,-6.833995424366125,-1.0851054144094596,-8.168996491098465,-7.986674934304511,-7.9066322266309745,-3.3154049466118956,-7.9066322266309745,-4.056484624920915,-4.57993737226674,-8.168996491098465,-8.168996491098465,-5.26209543125109,-7.832524254477252,-1.828460836078483,-8.168996491098465,-8.073686311294141,-8.168996491098465,-3.916224692281846,-8.168996491098465,-5.771101218300095],[-3.0358606252310727,-6.9780894727162845,-7.243792638449291,-5.780805656541146,-2.6179676734304533,-6.048553514092109,-4.835412341679294,-6.2414571802166,-2.406935787539009,-5.449620622815852,-3.710211865859642,-6.236152127986908,-5.316691821351474,-3.135773879712959,-3.3428452344349804,-4.683312562170051,-9.175314050052505,-7.67123665327623,-3.233827872750764,-2.7194867535888725,-5.357601724095599,-3.656256016806568,-9.175314050052505,-9.175314050052505,-5.684885534662406,-7.814337496916903,-0.677629929024492],[-4.543817228824411,-7.018252578745115,-7.657332538034785,-5.108710073860677,-6.817581883282965,-7.136035614401499,-7.217381253855452,-3.1578153081218696,-1.6877504110724875,-3.482540491772561,-3.3586160045592113,-2.7918244307244353,-2.8220954540808743,-1.9194877059193958,-2.7977241528516235,-2.5380788829317096,-8.992333604767126,-4.115610728257137,-2.181750237537262,-2.725702478277782,-4.0614632791397325,-3.6970207472393875,-8.036822159739689,-8.159424481832021,-4.835014243383636,-8.461705353704955,-3.400600633919547],[-0.8376439761672616,-7.652286658888561,-7.342131730584722,-7.652286658888561,-1.874352922972335,-7.485232574225395,-7.7475968386928855,-6.243519441916612,