{"threshold":0.06271886044375466,"matrix":[[-7.3276592331770525,-3.9943564252527857,-3.3475463279207474,-3.8330182144830065,-7.225380384056634,-5.073941230388093,-3.546270721538503,-8.283170678204488,-2.6291388288128443,-5.250142619906801,-7.391172638899378,-2.9452480570640924,-4.351345045480163,-1.9776986334771773,-7.740846387379127,-3.1675749484717466,-5.798264028416488,-1.9950890945871467,-3.756610892798309,-2.110885700428819,-2.5140999635201706,-4.171641291228287,-8.729457780832908,-6.7145547602906435,-5.426700471984005,-8.411004049714373,-1.7274155726615656],[-2.257919983084731,-6.132737634462811,-6.223709412668537,-6.56018164928975,-2.7729662944549522,-6.965646757397915,-6.703282492930423,-6.223709412668537,-3.0536237519697687,-3.314988516104176,-6.87033657759359,-1.423991132250149,-6.703282492930423,-6.56018164928975,-3.3228112417853852,-6.965646757397915,-6.965646757397915,-1.1587061906390874,-3.6698098913935855,-5.684712911935851,-2.6751873162495237,-6.703282492930423,-6.965646757397915,-6.965646757397915,-6.629174520776702,-6.965646757397915,-3.2114478371633357],[-2.842489375625605,-8.32034665600572,-4.0553221120051495,-8.32034665600572,-1.6628706270007638,-8.09720310469151,-8.407358032995349,-2.960620661329039,-2.4526989363191287,-8.407358032995349,-7.404055924131565,-2.1115889712617033,-8.32034665600572,-8.032664583553938,-1.1238473686254236,-8.32034665600572,-5.472534512528351,-4.281690999644208,-7.044053190100157,-2.46241350152226,-3.7160101507662056,-8.502668212799675,-8.502668212799675,-8.502668212799675,-7.914881547897555,-7.5094164397893906,-4.0039702713221],[-2.583865531807484,-8.444133620546733,-8.277079535883566,-6.764491449439383,-0.6050736132080606,-8.069440171105322,-5.76062452836064,-4.9614959069444025,-2.561571206762542,-6.930005887916957,-8.277079535883566,-8.357122243557102,-5.665879160771274,-7.8975899141786625,-3.238130924823222,-7.8462966197911115,-8.539443800351057,-3.321794336870475,-5.09582570280495,-7.286680831855689,-2.213294327195958,-7.4080416888599565,-8.008815549288887,-8.539443800351057,-7.750986439986787,-7.623153068476902,-2.4101757490958806],[-5.061728929192062,-7.307241478424784,-3.418853251130634,-5.096323573956561,-3.468181676728689,-4.7730813261062295,-4.4637760155255455,-8.068339320893235,-4.388484844653626,-6.465171021472731,-8.100088019207817,-3.6845564168636398,-3.074087506047505,-2.2204565022632785,-7.27846251387474,-4.665580658664129,-6.233260976946339,-2.7464732884954013,-1.6303377024016275,-2.647044101811712,-3.2411512168784453,-4.787663095119589,-8.643703465796799,-4.62482106858709,-9.231490130698917,-8.538342950138972,-1.178254880584167],[-2.330518631646354,-7.041849013462836,-7.041849013462836,-6.5718453842171005,-2.22318165321234,-2.1984496387424937,-6.859527456668881,-6.636383905354672,-1.2810562840898552,-7.041849013462836,-7.041849013462836,-4.556942363674835,-6.9465388336585105,-6.9465388336585105,-1.616458564351323,-7.041849013462836,-7.041849013462836,-2.4366788274747444,-3.373172266666419,-5.537771616686562,-4.700043207315509,-7.041849013462836,-7.041849013462836,-7.041849013462836,-6.859527456668881,-7.041849013462836,-3.069672085214943],[-1.857079823448559,-7.026426808699636,-6.384572922527241,-6.237969448335366,-1.3995253783793924,-6.931116628895311,-6.620961700591471,-6.284489463970258,-1.923516238494209,-6.931116628895311,-6.931116628895311,-2.918837019727514,-5.773663840204268,-2.7836622413592615,-3.237702019615983,-7.026426808699636,-7.026426808699636,-1.5753883551339352,-6.237969448335366,-5.234667339471581,-3.0985304541151995,-6.931116628895311,-7.026426808699636,-7.026426808699636,-6.384572922527241,-7.026426808699636,-4.147228351401596],[-1.352080497665286,-6.392921633818608,-6.130557369351116,-5.560012510883504,-0.684815187682352,-6.392921633818608,-6.392921633818608,-6.392921633818608,-3.645650719563116,-6.210600077024653,-6.392921633818608,-5.328210896826179,-5.699774453258662,-4.22959860815807,-3.0678856131220162,-6.392921633818608,-6.392921633818608,-4.652455458978103,-5.111987788356543,-4.670155036077504,-3.3579686471113352,-6.392921633818608,-6.210600077024653,-6.392921633818608,-3.448482654652167,-6.392921633818608,-3.753864304203349],[-4.1575919275960525,-4.460442221521005,-2.4257651153462554,-4.135262451197963,-2.653514530819778,-4.004178846917116,-4.453479617240285,-8.731013415269564,-3.585701551181428,-7.920083199053234,-7.2989095181183785,-3.126821099809852,-4.177794634913571,-2.3487744754634203,-1.752566708164893,-4.965462313741674,-3.5232363723980984,-3.2251738783102737,-2.2824207423552867,-1.8922063659136972,-8.069614933024198,-3.5992672954242493,-9.201017044515298,-5.165008059306161,-8.559163158342903,-7.89268422486512,-3.0335005536269573],[-3.0989801695912615,-5.833347679010845,-5.833347679010845,-5.833347679010845,-1.596346816387221,-5.833347679010845,-5.73803749920652,-5.833347679010845,-5.19149379283845,-5.833347679010845,-5.19149379283845,-4.580584710515477,-5.833347679010845,-5.044890318646575,-1.4638998265438232,-5.833347679010845,-5.833347679010845,-5.833347679010845,-5.363344049765109,-5.833347679010845,-0.8824623893203629,-5.833347679010845,-5.833347679010845,-5.833347679010845,-5.833347679010845,-5.833347679010845,-3.705115973161577],[-2.4118664833951087,-4.540098189244376,-4.540098189244376,-4.540098189244376,-2.4482341275659834,-4.540098189244376,-4.540098189244376,-4.444788009440051,-3.0140418857493274,-4.444788009440051,-4.009469938182206,-3.3461757207719423,-4.203625952623163,-3.9523115243422575,-2.4606566475645404,-4.444788009440051,-4.540098189244376,-3.6646294518904767,-2.9108576495140963,-2.799632014403872,-3.2317653695941977,-4.540098189244376,-4.444788009440051,-4.540098189244376,-3.7516408288801064,-4.540098189244376,-1.3662197303069117],[-1.5741436441436978,-8.480040053640835,-7.093745692520945,-7.75180155326962,-0.9527072496324076,-8.411047182153883,-6.382898934861598,-8.411047182153883,-2.237538894617118,-8.285884039199878,-8.074574945532671,-3.3103680765116947,-7.78689287308089,-7.7179000015939385,-3.585938575800531,-8.074574945532671,-8.480040053640835,-8.721202110457723,-4.7682116665413545,-4.545417216295448,-3.9574753803169065,-8.346508661016312,-8.721202110457723,-8.816512290262049,-7.75180155326962,-8.816512290262049,-1.6548127108129889],[-2.384673658520459,-2.3941338497714093,-8.114773441494034,-7.932451884700079,-0.9858766138683595,-8.114773441494034,-8.114773441494034,-6.779772374761693,-2.053083449496554,-8.114773441494034,-7.8524091770265425,-7.8524091770265425,-2.1814678085595833,-6.862010472998666,-3.00943421192848,-2.5426194093162686,-8.114773441494034,-8.114773441494034,-5.281560097437817,-7.77830120487282,-2.9041949892540035,-8.114773441494034,-7.932451884700079,-8.114773441494034,-7.77830120487282,-8.114773441494034,-4.928420808331393],[-2.834415534136185,-8.342699101732629,-3.1611709466660414,-3.2835622854086193,-2.092899375050604,-4.193091860835479,-4.543132434943779,-7.999754350605799,-2.8323910556679843,-7.322867690917634,-8.389219117367523,-6.770302460978877,-8.298247339161795,-3.086625194052225,-3.857644214467834,-9.035846282292574,-4.773166405251259,-8.101537044915741,-1.868387618502696,-1.5276075076139113,-4.921996225446217,-4.8712974613972255,-8.868792197629409,-9.131156462096898,-8.342699101732629,-7.562540544183054,-1.6737202975800982],[-7.779534422449008,-4.414465764875358,-3.555294100772802,-4.447329912273804,-5.470518439124672,-5.316367759297413,-4.67973278900081,-6.369334540475562,-2.8326064538105444,-6.077723189883892,-7.102647762760843,-3.6066370957145244,-2.4261486382022777,-0.9037359799859698,-4.985010623342971,-2.568815115218957,-7.086387241889063,-2.583356956858755,-3.570997492701252,-3.742727852739092,-2.188066094155091,-5.429696444604416,-7.994645802065953,-7.994645802065953,-4.727360837990065,-8.380308282877937,-5.017077499139633],[-1.6118171895768123,-8.22922016755129,-7.736743682453495,-8.22922016755129,-1.6131549824184723,-8.062166082888124,-8.324530347355614,-3.2524864251307153,