{"threshold":0.07590377981571736,"matrix":[[-7.212610474191073,-3.9322364595981814,-3.0246888348514824,-3.8205018898467973,-6.7249072678459365,-4.479171039084044,-3.550515103983954,-8.20300917821895,-3.542841030145158,-5.325540825158693,-4.56441138461772,-1.9713170767395718,-3.679549757005092,-1.6481448029038621,-7.850187803596207,-3.448424786533593,-8.976199066452432,-1.9567533481175987,-3.005362487140417,-1.8799606964197098,-4.911454974006622,-4.632393644598748,-4.5838096447430035,-6.505278658639171,-4.16672841695161,-8.242229891372231,-3.074704815074218],[-2.6791567774472287,-6.674561391814426,-7.2451062502820385,-7.325148957955575,-0.902307920954928,-7.50747051474953,-7.2451062502820385,-6.551959069722094,-3.5504741436786524,-3.6723285536573416,-7.412160334945205,-1.874468222154376,-4.8333218653230015,-7.037466885503794,-3.1610710577187993,-4.840242308167575,-7.50747051474953,-3.8086407297824256,-3.8725194026611494,-5.014265062146834,-3.5074366319986705,-7.325148957955575,-7.50747051474953,-7.50747051474953,-1.9097895709758743,-7.50747051474953,-3.791462393247341],[-3.1159098176479576,-7.899446380587076,-3.6053885188591512,-8.204828030138257,-1.9132588905799375,-7.848153086199525,-8.541300266759471,-2.668337763732489,-2.2330196924746435,-8.445990086955145,-5.991855095833899,-2.1165933305438775,-8.358978709965516,-8.071296637513734,-1.2526458336144188,-8.27893600229198,-5.744018931929318,-4.330655248841209,-6.749540797531416,-2.296939210187931,-3.734005896681245,-8.358978709965516,-8.541300266759471,-8.541300266759471,-4.321792561583364,-6.300590577483512,-3.3340022985986026],[-3.1488470827059216,-7.979823937427707,-7.097434757229233,-5.132011793950338,-1.5301437168260312,-7.63151724315949,-4.41264141829129,-6.727060968932339,-2.2578741588160565,-6.421679319381157,-7.89978122975417,-6.9093825257262935,-5.18661592798519,-7.420208149492284,-2.7753594796860166,-7.286676756867761,-7.825673257600449,-4.606797432732248,-3.75786825061296,-6.938370062599546,-3.2283912444613634,-5.212457159169077,-7.520291608049266,-8.162145494221662,-5.581928664629336,-7.2458547623475065,-0.7811418558288997],[-2.9103628639255175,-7.167521766552748,-3.0728742199320265,-2.784245912478435,-3.7657185078650914,-4.3162899169938544,-4.445030881295744,-7.437185333501851,-4.518128427606828,-6.303481725022471,-6.977653004123411,-3.8893484032624337,-3.2993556593400117,-2.3668595605809575,-6.7620566584445845,-4.226917883170251,-5.280452117520369,-2.194431015410675,-2.3403723431645433,-4.0124574544295015,-3.6213061886266074,-4.628787158565359,-5.2722216183838535,-4.35429288450546,-5.827747421067751,-8.179122678231229,-1.1435020282511956],[-3.760045145798205,-7.891568711262059,-7.891568711262059,-7.5168752618206485,-2.7057076833533182,-3.1633767107613053,-7.724514626598893,-7.5814137829582195,-2.3312367917381183,-7.986878891066384,-7.986878891066384,-5.333636926459169,-7.891568711262059,-7.804557334272429,-1.8946644408582594,-7.891568711262059,-7.986878891066384,-2.8510804540161225,-7.15396976813128,-3.7792056435372805,-3.755675146127086,-7.986878891066384,-7.986878891066384,-7.986878891066384,-5.485442939327173,-7.986878891066384,-0.6920940661317679],[-2.63213500071664,-7.511141852334459,-6.980513601272289,-3.8761907402460785,-2.09726614515215,-7.105676744226295,-6.347991042528778,-2.7379180813501183,-2.5489967673986373,-7.4158316725301345,-7.4158316725301345,-4.977445038377027,-5.113246579536089,-3.2303177231697404,-3.3444766285327323,-7.511141852334459,-7.511141852334459,-2.004591547207967,-4.154244729568884,-5.444279092861484,-3.245649033916529,-7.328820295540504,-7.511141852334459,-7.511141852334459,-4.626341139487749,-7.511141852334459,-1.0733902025980577],[-1.824492763471123,-8.171298031504701,-8.481452959808541,-7.241762072880525,-0.5459631558220331,-8.576763139612865,-8.576763139612865,-8.481452959808541,-2.4488028479163453,-8.39444158281891,-8.576763139612865,-7.241762072880525,-6.215909138494844,-6.315000041139075,-3.4953587746284023,-8.576763139612865,-8.576763139612865,-4.939176979886479,-5.199175623589843,-4.04201541792132,-4.939176979886479,-8.576763139612865,-8.240290902991653,-8.576763139612865,-7.072685742836591,-8.576763139612865,-2.3382432211443605],[-3.402201852137112,-4.929990999422705,-2.174308484175007,-3.744481966653266,-3.4214911783590103,-4.311798620748468,-3.939238653865768,-8.523185203402234,-3.613844627457558,-7.96356941546681,-6.903796960114964,-3.382106613280688,-3.936688282679763,-1.5179403031428387,-1.8729708399598897,-5.004204786083694,-7.781247858672855,-3.6264654334358712,-2.3600809478471567,-2.008620671652872,-6.97562269468622,-3.767012143877614,-9.216332383962179,-6.731425734174178,-8.628545719060059,-6.4950369561099475,-4.3880186466598765],[-3.2606362219262426,-5.753841674528938,-5.753841674528938,-5.753841674528938,-1.6495467814536693,-5.753841674528938,-5.658531494724613,-5.571520117734983,-5.111987788356543,-5.753841674528938,-5.111987788356543,-5.283838045283202,-5.753841674528938,-4.920932551593834,-1.6091209049817705,-5.753841674528938,-5.753841674528938,-5.753841674528938,-5.111987788356543,-5.753841674528938,-0.8208076264562338,-5.753841674528938,-5.753841674528938,-5.753841674528938,-5.753841674528938,-5.753841674528938,-3.121952834392292],[-3.848679172664992,-6.01200219832553,-6.01200219832553,-5.916692018521205,-1.3188211350147254,-5.6065370902173655,-5.749637933858039,-5.749637933858039,-1.6126269253170353,-5.916692018521205,-5.541998569079794,-5.018750425315247,-5.675529961704317,-4.38276165859525,-3.883770492476262,-5.916692018521205,-6.01200219832553,-4.91338990965742,-2.2815010695207745,-4.237049847413856,-4.67700113159319,-6.01200219832553,-5.749637933858039,-6.01200219832553,-5.13653346097163,-6.01200219832553,-1.238778427341189],[-2.2529316420028307,-7.899359605161822,-6.838487644476559,-4.581141336961358,-1.6609264790643223,-5.642236886244533,-6.174610846216727,-8.150674033442728,-2.0277114094963973,-7.956518019001771,-7.7452089253345635,-1.9056753013155268,-6.939583761347928,-7.178813450413762,-3.348410973340369,-7.493894497053657,-8.48714627006394,-7.234383301568573,-4.134291012690339,-3.980692057015007,-3.9364322698719083,-6.019046738592322,-7.956518019001771,-8.150674033442728,-3.3872798422397423,-8.391836090259616,-1.285378994935153],[-2.1023523528792865,-2.30806741973933,-8.030344477031695,-7.8480229202377405,-1.228616602695088,-8.030344477031695,-8.030344477031695,-6.695343410299355,-2.1579450370826527,-8.030344477031695,-7.8480229202377405,-7.767980212564204,-2.2228027680846414,-7.241887116667425,-2.939051279917985,-2.8513738681162244,-8.030344477031695,-6.80656904540958,-3.935999914809594,-7.6938722404104825,-3.030433146298415,-8.030344477031695,-7.8480229202377405,-8.030344477031695,-6.526267080255421,-8.030344477031695,-2.601876426018613],[-2.9256813437605373,-8.24400556511491,-2.677093384348745,-2.1050194048276163,-3.1469377652463457,-4.842808183452754,-2.409804175460105,-6.601777829857818,-2.6915305937234932,-7.263176312103183,-4.848379228502209,-5.530415183637084,-5.256641541231435,-5.057308638610944,-3.695405730615212,-8.714009194360644,-8.331016942104538,-8.24400556511491,-2.482609533298616,-2.1793486434562213,-5.04193685856309,-5.239974488746223,-8.783002065847596,-8.857110038001318,-4.687467735489907,-7.758497749333208,-1.2810521256680099],[-5.708161060297721,-4.937408414313843,-3.825705029598854,-4.6244268356557905,-6.487169531464059,-1.8197695218134287,-5.102600796311638,-6.364036846060435,-5.296386782996292,-6.701729339086877,-6.878935795214061,-3.654767875764095,-2.6953289897429467,-1.33523424800873,-4.908546382073968,-2.722766850983622,-9.161318180890587,-2.179662094068916,-3.9190422052261757,-3.3870772425858253,-2.84650282205137,-3.662102871975661,-4.103163370826356,-7.852985361240409,-6.008582158526932,-8.573531515988469,-2.531426665422893],[-1.926126953652073,-7.865859513669703,-7.5175528194014865,-7.460394405561538,-1.5358415637366831,-7.785816805996166,-7.642715962355493,-3.338650869151323,