{"threshold":0.06315045129599854,"matrix":[[-3.433530391349836,-2.9638528212168476,-3.311946012383605,-5.453663158589378,-7.285542621606858,-3.5101636173707518,-2.9924430733207448,-3.0280652832416712,-3.068618229673132,-6.646462662317188,-4.660365641024005,-2.6145189898998864,-3.217265886154675,-1.9233448451657993,-7.6397144353274715,-5.088318044270639,-8.843687239653407,-2.138150149179682,-2.522619230130089,-2.1060285478426564,-2.469514571559878,-6.9718850627518165,-8.495380545385192,-7.138939147414982,-7.8320863279749275,-6.532803343844667,-4.230218250850621],[-2.918253241140685,-6.566310700734366,-7.636752112435779,-7.819073669229734,-0.48690068922274565,-6.7543629322373056,-4.728031215871418,-5.3425352691122505,-2.9812057191226216,-7.177219783057339,-5.052754560003549,-3.112249829515143,-7.556709404762243,-6.06121575167736,-5.078233645304533,-7.819073669229734,-7.819073669229734,-3.905052661138915,-2.3426101172982237,-4.755682747201928,-3.3304372994975946,-7.556709404762243,-5.403159890928685,-7.819073669229734,-7.482601432608521,-5.752210909756759,-3.4320594930448136],[-5.975868880913197,-7.860410083592218,-7.637266532278009,-7.947421460581848,-5.39655684300205,-8.042731640386172,-8.042731640386172,-0.06507223687266962,-6.433293727952072,-7.947421460581848,-3.4941318058864757,-7.780367375918682,-7.860410083592218,-7.572728011140437,-5.6724878989183125,-7.947421460581848,-7.860410083592218,-7.300794295656796,-7.860410083592218,-6.789968671890804,-6.978020903393745,-8.042731640386172,-8.042731640386172,-8.042731640386172,-7.400877754213778,-7.049479867375889,-4.54018176446373],[-3.0230961884839878,-6.745551938131528,-8.849686092401736,-7.820066675220577,-0.6728446532052489,-7.109219917561231,-7.93339536052758,-6.470139958271561,-1.6139949078206721,-8.849686092401736,-8.379682463156,-5.014544131309547,-8.15653891184179,-5.027587794501577,-5.603195100500561,-6.364779442613735,-8.75437591259741,-4.8031321940159835,-3.2760123030925548,-6.86181174424739,-3.240580664687443,-7.686535282596055,-6.733430577599184,-8.849686092401736,-8.15653891184179,-7.323629788906686,-2.0461808347933976],[-5.934322414648096,-5.0514407449050704,-4.236742811888283,-3.779036526532207,-6.53867409642491,-4.979498018771698,-4.193856239807592,-4.098318243622284,-2.2943425056854734,-8.25492601314482,-5.9414909041267085,-2.9930840406802157,-3.5817573893490295,-1.425840142818883,-7.647138681536031,-5.567697139856196,-9.48967047613751,-1.463684121618111,-2.4635212370402337,-3.727029644474955,-3.836742795532958,-6.846158796172871,-5.430305632811436,-7.88023256370341,-9.2665269248233,-5.692777777962995,-2.1554227218551327],[-1.98428067483969,-6.335659499884526,-7.746646473594788,-6.958189113230518,-2.03688192726104,-2.8946162096751715,-3.6114799168524327,-5.844538947197868,-3.0060716506004943,-7.484282209127297,-7.341181365486624,-3.8733642964830732,-7.053499293034843,-5.618414767745521,-2.4067074323559323,-7.746646473594788,-7.746646473594788,-3.2226863430322403,-3.967012656212388,-1.9928047990658504,-1.7843533037870865,-6.411645406862449,-7.053499293034843,-7.746646473594788,-7.5643249168008335,-6.06024752002456,-2.2259858759033113],[-3.331989858018199,-7.453132613395024,-7.915756135343137,-7.657927026041037,-0.8798146059437301,-7.347772097737197,-7.657927026041037,-7.252461917932872,-3.2821700043807507,-8.351074206600982,-4.059370210220386,-2.6659495602280234,-7.858597721503188,-4.4798731956930915,-6.17425850089597,-8.351074206600982,-8.446384386405308,-2.9333589473641624,-2.903553442806868,-3.1405950050185694,-3.3984533075653545,-6.17425850089597,-6.877768468491462,-8.446384386405308,-7.804530500232913,-8.446384386405308,-1.520199971954803],[-2.1165990762497486,-6.8777040638586,-8.35100980196812,-6.857084776655864,-1.3690751248117314,-4.9805840789727185,-6.085465980654424,-6.671367630860771,-3.8747065793131963,-8.26399842497849,-5.53941892192507,-2.7620601736051076,-2.9256593840809675,-3.681585226113015,-3.1233100026340366,-7.915691730710274,-8.446319981772445,-2.214658128784426,-4.237159745121763,-1.9914359332957425,-3.523423601984196,-7.222544550150329,-5.219475987255067,-8.446319981772445,-7.753172801212499,-6.5293973695903835,-2.272117297985292],[-5.031149504046907,-5.839607531117847,-2.440422755399595,-4.470927716698939,-1.6211741656765293,-4.651957700823842,-2.9756847774533806,-4.272977711175631,-3.657666706061217,-8.00866123148737,-2.880407524337786,-3.733925987757451,-3.5607948393179454,-1.7485487845607177,-3.180347494185069,-6.84724804158023,-8.224884339957006,-3.852385711534779,-2.4833189669171514,-2.0518168850259917,-6.416030437369651,-5.144874307402267,-8.501137716585164,-8.095672608477,-8.701808412047315,-5.186951711912639,-3.8428577052831243],[-1.5126654768400731,-5.292299294222474,-5.292299294222474,-5.292299294222474,-0.76401015257034,-5.196989114418149,-5.196989114418149,-5.292299294222474,-4.599152113662528,-5.292299294222474,-4.6504454080500786,-4.068523862600358,-5.292299294222474,-4.503841933858204,-4.160897182731373,-5.292299294222474,-5.292299294222474,-5.292299294222474,-4.7616710431603035,-5.292299294222474,-2.19220700534424,-5.292299294222474,-5.109977737428519,-5.292299294222474,-5.292299294222474,-5.292299294222474,-3.152233130726203],[-2.5317145913614723,-6.574765859196022,-7.568017632206306,-6.779560271842035,-0.9877946702759103,-7.037389381144135,-6.315254663710937,-6.574765859196022,-5.07481217960361,-7.4727074524019805,-6.692548894852406,-2.759906602221524,-6.109402609506789,-6.259684812556127,-1.6642919994063305,-7.305653367738815,-7.568017632206306,-3.4620739341408533,-3.839917464939088,-2.3684162385974266,-3.3829187067157407,-6.315254663710937,-6.874870451646361,-7.568017632206306,-6.7351085092712015,-6.6125061871788695,-2.4234343656003112],[-2.1162367479710498,-3.726843567610132,-4.946533787831478,-5.103438531641309,-1.975865482940703,-5.09192208957975,-3.576040171242931,-6.085555614837464,-1.5037490280621706,-7.664534319786855,-5.489782598302695,-2.3265155863872673,-5.85624554860759,-4.28524177351275,-4.359480798677603,-6.229449794497533,-8.262371320542476,-6.599823582794428,-3.06588535078903,-2.5747798212380006,-2.904071249392729,-6.182929778862641,-6.369807152192456,-8.357681500346802,-7.292970763354373,-6.671282546776572,-2.0703807165311687],[-2.501936631469923,-4.842351294337019,-7.961908918003355,-7.52659084674551,-1.3612965789938862,-5.172418384960971,-5.3359236699554495,-6.5756145568834645,-1.5602932894328583,-7.720746861186467,-6.833443666185564,-6.232669805756634,-2.0282179471709725,-6.833443666185564,-4.169488784948578,-4.858545980256999,-8.05721909780768,-5.507773926882109,-4.007174794482159,-3.5867238151461907,-3.245848081235691,-7.415365211635286,-5.774836712131155,-8.05721909780768,-7.720746861186467,-7.364071917247735,-1.7294609014528326],[-2.9429122613126406,-5.235630101573433,-7.41340754397413,-2.007671780658823,-2.5548362195111323,-4.907609535154753,-2.0348013461972907,-4.849484353867906,-3.001175067243183,-8.51201983264224,-4.256690851014316,-5.978323018684808,-5.893165210344501,-3.676690760446034,-5.143345642685644,-7.058066823048534,-9.33300038471207,-5.722082472067846,-3.140823820681631,-2.858268291591604,-4.521555400907531,-5.853159875730801,-5.154426088462217,-9.428310564516394,-8.595401441581291,-4.260671521610474,-1.0666490060043476],[-6.934311290663974,-4.340374396329185,-4.717668627470653,-2.844388253699751,-7.093375985293662,-3.2836530493702356,-4.184028325938491,-3.7835883540329998,-6.156606722075966,-6.7470997485758275,-3.7886388698190685,-2.390078275330618,-2.682460340767643,-1.336107220325357,-5.463459541516021,-2.245665382518561,-8.15808672228609,-1.7703660061552535,-3.893999385476895,-3.651632509237156,-5.54069088945201,-5.885960836776753,-3.6638480970052805,-7.325177599350986,-7.093375985293662,-4.360352863260071,-3.9010565777868935],[-0.8187891733925311,-6.992764653301093,-6.557446582043248,-7.088074833105418,-2.674065152578486,-3.095393924659818,-7.088074833105418,-4.868871349050424,-3.4245131869757723,